<?xml version="1.0" encoding="UTF-8"?>
<!DOCTYPE hibernate-configuration PUBLIC "-//Hibernate/Hibernate Configuration DTD 3.0//EN" "http://hibernate.sourceforge.net/hibernate-configuration-3.0.dtd">
<hibernate-configuration>
  <session-factory>
    <property name="hibernate.connection.driver_class">com.mysql.jdbc.Driver</property>
    <property name="hibernate.connection.url">jdbc:mysql://localhost:3306/student</property>
    <property name="hibernate.connection.username">root</property>
    <property name="hibernate.connection.password">12345</property>
    <property name="hibernate.connection.pool_size">10</property>
    <property name="show_sql">true</property>
    <property name="dialect">org.hibernate.dialect.MySQLDialect</property>
    <property name="hibernate.hbm2ddl.auto">update</property>
    <!-- Enable Hibernate's current session context -->
    <property name="current_session_context_class">thread</property>
    <!-- Disable the second-level cache  -->
    <property name="cache.provider_class">org.hibernate.cache.NoCacheProvider</property>
    <!-- Echo all executed SQL to stdout -->
    <property name="show_sql">true</property>
  </session-factory>
</hibernate-configuration>
